# NULL handling tests

statement ok
CREATE TABLE nulltest(a INTEGER, b TEXT, c REAL)

statement ok
INSERT INTO nulltest(a, b, c) VALUES(1, 'x', 1.5)

statement ok
INSERT INTO nulltest(a, b, c) VALUES(NULL, 'y', 2.5)

statement ok
INSERT INTO nulltest(a, b, c) VALUES(3, NULL, 3.5)

statement ok
INSERT INTO nulltest(a, b, c) VALUES(4, 'z', NULL)

statement ok
INSERT INTO nulltest(a, b, c) VALUES(NULL, NULL, NULL)

query I rowsort
SELECT a FROM nulltest WHERE a > 0
----
1
3
4

query T rowsort
SELECT b FROM nulltest WHERE b = 'x'
----
x
