# More SELECT tests

statement ok
CREATE TABLE numbers(n INTEGER)

statement ok
INSERT INTO numbers(n) VALUES(10)

statement ok
INSERT INTO numbers(n) VALUES(20)

statement ok
INSERT INTO numbers(n) VALUES(30)

statement ok
INSERT INTO numbers(n) VALUES(40)

statement ok
INSERT INTO numbers(n) VALUES(50)

statement ok
INSERT INTO numbers(n) VALUES(100)

statement ok
INSERT INTO numbers(n) VALUES(200)

query I rowsort
SELECT n FROM numbers WHERE n > 25
----
30
40
50
100
200

query I rowsort
SELECT n FROM numbers WHERE n >= 30
----
30
40
50
100
200

query I rowsort
SELECT n FROM numbers WHERE n < 50
----
10
20
30
40

query I rowsort
SELECT n FROM numbers WHERE n <= 40
----
10
20
30
40

query I nosort
SELECT n FROM numbers ORDER BY n
----
10
20
30
40
50
100
200

query I nosort
SELECT n FROM numbers ORDER BY n DESC
----
200
100
50
40
30
20
10

query I nosort
SELECT n FROM numbers ORDER BY n LIMIT 3
----
10
20
30

statement ok
CREATE TABLE strings(s TEXT)

statement ok
INSERT INTO strings(s) VALUES('apple')

statement ok
INSERT INTO strings(s) VALUES('banana')

statement ok
INSERT INTO strings(s) VALUES('cherry')

statement ok
INSERT INTO strings(s) VALUES('date')

query T rowsort
SELECT s FROM strings
----
apple
banana
cherry
date

query T nosort
SELECT s FROM strings ORDER BY s
----
apple
banana
cherry
date
